{
  "best_threshold": 0.0,
  "best_cer": 14.345509228260932,
  "curve": {
    "0.0": 14.345509228260932,
    "0.1": 14.371150253901957,
    "0.15": 14.502326735560437,
    "0.2": 15.003587235842986,
    "0.25": 15.369607068014178,
    "0.3": 15.698647346695065,
    "0.35": 16.17185991661043,
    "0.4": 17.09608076502783,
    "0.45": 17.332293096055263,
    "0.5": 17.625748660099063
  }
}