{
  "best_threshold": 0.0,
  "best_cer": 14.345509228260932,
  "curve": {
    "0.0": 14.345509228260932,
    "0.1": 14.345509228260932,
    "0.15": 14.36876504221442,
    "0.2": 14.41465999376975,
    "0.25": 14.436399124204534,
    "0.3": 14.47343616124157,
    "0.35": 14.494850214667817,
    "0.4": 14.494850214667817,
    "0.45": 14.494850214667817,
    "0.5": 14.494850214667817
  }
}